{
  "project_info": {
    "project_number": "1091902875737",
    "firebase_url": "https://login-and-register-fireb-70172.firebaseio.com",
    "project_id": "login-and-register-fireb-70172",
    "storage_bucket": "login-and-register-fireb-70172.appspot.com"
  },
  "client": [
    {
      "client_info": {
        "mobilesdk_app_id": "1:1091902875737:android:654c74735f3c372b7c2948",
        "android_client_info": {
          "package_name": "com.android.loginandregisterfirebase"
        }
      },
      "oauth_client": [
        {
          "client_id": "1091902875737-6modcv6ib4jtq0rd491jb6g6fhmrj90g.apps.googleusercontent.com",
          "client_type": 3
        }
      ],
      "api_key": [
        {
          "current_key": "AIzaSyDQyJ58kiHyamo7bsFxGk0AKfFUY1tWFPw"
        }
      ],
      "services": {
        "appinvite_service": {
          "other_platform_oauth_client": [
            {
              "client_id": "1091902875737-6modcv6ib4jtq0rd491jb6g6fhmrj90g.apps.googleusercontent.com",
              "client_type": 3
            }
          ]
        }
      }
    }
  ],
  "configuration_version": "1"
}